/* Categories */
INSERT INTO category (name)
VALUES ('OFFERS');
INSERT INTO category (name)
VALUES ('ELECTRONICS');
INSERT INTO category (name)
VALUES ('FOOD');
INSERT INTO category (name)
VALUES ('BOOKS');
INSERT INTO category (name)
VALUES ('FEATURED');

/* Products */
INSERT INTO product (created_date, description, discount_rate, imageurl, is_hidden, name, price, quantity)
VALUES (current_timestamp(),
        'Lorem Ipsum is simply dummy text of the printing and typesetting industry. Lorem Ipsum has been the industry''s standard dummy text ever since the 1500s, when an unknown printer took a galley of type and scrambled it to make a type specimen book. It has survived not only five centuries, but also the leap into electronic typesetting, remaining essentially unchanged. It was popularised in the 1960s with the release of Letraset sheets containing Lorem Ipsum passages, and more recently with desktop publishing software like Aldus PageMaker including versions of Lorem Ipsum.',
        0.1, 'https://res.cloudinary.com/demo/image/upload/lady.jpg', 0, 'Playstation 5', 3.123, 35);
INSERT INTO product (created_date, description, discount_rate, imageurl, is_hidden, name, price, quantity)
VALUES (current_timestamp(),
        'Lorem Ipsum is simply dummy text of the printing and typesetting industry. Lorem Ipsum has been the industry''s standard dummy text ever since the 1500s, when an unknown printer took a galley of type and scrambled it to make a type specimen book. It has survived not only five centuries, but also the leap into electronic typesetting, remaining essentially unchanged. It was popularised in the 1960s with the release of Letraset sheets containing Lorem Ipsum passages, and more recently with desktop publishing software like Aldus PageMaker including versions of Lorem Ipsum.',
        0, 'https://res.cloudinary.com/demo/image/upload/lady.jpg', 0, 'Mechanical Keyboard', 100, 35);
INSERT INTO product (created_date, description, discount_rate, imageurl, is_hidden, name, price, quantity)
VALUES (current_timestamp(),
        'Lorem Ipsum is simply dummy text of the printing and typesetting industry. Lorem Ipsum has been the industry''s standard dummy text ever since the 1500s, when an unknown printer took a galley of type and scrambled it to make a type specimen book. It has survived not only five centuries, but also the leap into electronic typesetting, remaining essentially unchanged. It was popularised in the 1960s with the release of Letraset sheets containing Lorem Ipsum passages, and more recently with desktop publishing software like Aldus PageMaker including versions of Lorem Ipsum.',
        0, 'https://res.cloudinary.com/demo/image/upload/lady.jpg', 0, 'Intel® Core™ i7-1065G7', 1000, 35);
INSERT INTO product (created_date, description, discount_rate, imageurl, is_hidden, name, price, quantity)
VALUES (current_timestamp(),
        'Lorem Ipsum is simply dummy text of the printing and typesetting industry. Lorem Ipsum has been the industry''s standard dummy text ever since the 1500s, when an unknown printer took a galley of type and scrambled it to make a type specimen book. It has survived not only five centuries, but also the leap into electronic typesetting, remaining essentially unchanged. It was popularised in the 1960s with the release of Letraset sheets containing Lorem Ipsum passages, and more recently with desktop publishing software like Aldus PageMaker including versions of Lorem Ipsum.',
        0.5, 'https://res.cloudinary.com/demo/image/upload/lady.jpg', 0, 'Intel® Core™ i7-1065G7', 1000, 35);
INSERT INTO product (created_date, description, discount_rate, imageurl, is_hidden, name, price, quantity)
VALUES (current_timestamp(),
        'Lorem Ipsum is simply dummy text of the printing and typesetting industry. Lorem Ipsum has been the industry''s standard dummy text ever since the 1500s, when an unknown printer took a galley of type and scrambled it to make a type specimen book. It has survived not only five centuries, but also the leap into electronic typesetting, remaining essentially unchanged. It was popularised in the 1960s with the release of Letraset sheets containing Lorem Ipsum passages, and more recently with desktop publishing software like Aldus PageMaker including versions of Lorem Ipsum.',
        0, 'https://res.cloudinary.com/demo/image/upload/lady.jpg', 0, 'Intel® Core™ i7-1065G7', 1000, 35);
INSERT INTO product (created_date, description, discount_rate, imageurl, is_hidden, name, price, quantity)
VALUES (current_timestamp(),
        'Lorem Ipsum is simply dummy text of the printing and typesetting industry. Lorem Ipsum has been the industry''s standard dummy text ever since the 1500s, when an unknown printer took a galley of type and scrambled it to make a type specimen book. It has survived not only five centuries, but also the leap into electronic typesetting, remaining essentially unchanged. It was popularised in the 1960s with the release of Letraset sheets containing Lorem Ipsum passages, and more recently with desktop publishing software like Aldus PageMaker including versions of Lorem Ipsum.',
        0, 'https://res.cloudinary.com/demo/image/upload/lady.jpg', 0, 'Intel® Core™ i7-1065G7', 1000, 35);
INSERT INTO product (created_date, description, discount_rate, imageurl, is_hidden, name, price, quantity)
VALUES (current_timestamp(),
        'Lorem Ipsum is simply dummy text of the printing and typesetting industry. Lorem Ipsum has been the industry''s standard dummy text ever since the 1500s, when an unknown printer took a galley of type and scrambled it to make a type specimen book. It has survived not only five centuries, but also the leap into electronic typesetting, remaining essentially unchanged. It was popularised in the 1960s with the release of Letraset sheets containing Lorem Ipsum passages, and more recently with desktop publishing software like Aldus PageMaker including versions of Lorem Ipsum.',
        0, 'https://res.cloudinary.com/demo/image/upload/lady.jpg', 0, 'Intel® Core™ i7-1065G7', 1000, 35);
INSERT INTO product (created_date, description, discount_rate, imageurl, is_hidden, name, price, quantity)
VALUES (current_timestamp(),
        'Lorem Ipsum is simply dummy text of the printing and typesetting industry. Lorem Ipsum has been the industry''s standard dummy text ever since the 1500s, when an unknown printer took a galley of type and scrambled it to make a type specimen book. It has survived not only five centuries, but also the leap into electronic typesetting, remaining essentially unchanged. It was popularised in the 1960s with the release of Letraset sheets containing Lorem Ipsum passages, and more recently with desktop publishing software like Aldus PageMaker including versions of Lorem Ipsum.',
        0, 'https://res.cloudinary.com/demo/image/upload/lady.jpg', 0, 'Intel® Core™ i7-1065G7', 1000, 35);


INSERT INTO product (created_date, description, discount_rate, imageurl, is_hidden, name, price, quantity)
VALUES (current_timestamp(),'This is Kimchi',
        0.08, 'https://digitalcontent.api.tesco.com/v2/media/ghs/e5946084-0172-4019-86ee-cddc3dbedf4e/snapshotimagehandler_1986188276.jpeg?h=540&w=540', 0, 'Korean Kimchi', 5.50, 35);
INSERT INTO product (created_date, description, discount_rate, imageurl, is_hidden, name, price, quantity)
VALUES (current_timestamp(),'This is Bubble tea. Delicious milk tea beverage.',
        0, 'https://d1ralsognjng37.cloudfront.net/131503b9-e927-459b-aea0-332fa95387c4.jpeg', 0, 'Bubble Tea', 4.8, 35);
INSERT INTO product (created_date, description, discount_rate, imageurl, is_hidden, name, price, quantity)
VALUES (current_timestamp(),'Durian - a smelly but luxury fruit. 10/500g',
        0.15, 'https://img1.mashed.com/img/gallery/the-truth-about-the-worlds-stinkiest-fruits/intro-1585943639.jpg', 0, 'Durian', 10, 35);
INSERT INTO product (created_date, description, discount_rate, imageurl, is_hidden, name, price, quantity)
VALUES (current_timestamp(),'Dim Sum - Steam cooked Traditional Chinese dish. Requires steaming for 15 minutes.',
        0, 'https://www.discoverhongkong.com/content/dam/dhk/intl/explore/dining/hong-kong-s-most-innovative-dim-sum-restaurants/dimdimsum4_3.jpg', 0, 'Dim Sum - Ready to cook', 6.5, 35);
INSERT INTO product (created_date, description, discount_rate, imageurl, is_hidden, name, price, quantity)
VALUES (current_timestamp(),'Wague beef steak - Ready to Cook Japanese A5 wague beef steak. Seasonal Discount originally $125/500g',
        0.18, 'https://cdn.shopify.com/s/files/1/0242/3596/6545/products/thum_sa-roin200x2_480x.jpg?v=1569482967', 0, 'Wague Steak', 125, 35);
INSERT INTO product (created_date, description, discount_rate, imageurl, is_hidden, name, price, quantity)
VALUES (current_timestamp(),'Armand de Brignac Ace of Spades Brut Gold with Gift Box - The first release from Armand de Brignac, the Brut Gold remains the most iconic cuvée in the range.',
        0.12, 'https://www.wine.com/product/images/w_767,c_fit,q_auto:good,fl_progressive/91199.jpg', 0, 'Ace of Spades', 399.99, 35);
INSERT INTO product (created_date, description, discount_rate, imageurl, is_hidden, name, price, quantity)
VALUES (current_timestamp(),'Hennessy Paradis Imperial 70 cl - The jewel of the collection Hennessy. Hennessy Paradis Imperial is a contemporary creation of Yann Fillioux that embodies the heyday of the art of selection. The relentless pursuit of finesse over 8 generations of Master Blenders of the same family.',
        0.32, 'https://encrypted-tbn0.gstatic.com/images?q=tbn:ANd9GcQU63RAQcnMJJ2aoeYh_fTPWnW8ZpKnrWnMLEaNCk_pRQMl5W856gdk0oNaJvnGdJL3Z5HDFM0y&usqp=CAc', 0, 'Ace of Spades', 2900.67, 35);


/* Relationships */
INSERT INTO product_categories(products_id, categories_name)
VALUES (1, 'OFFERS');
INSERT INTO product_categories(products_id, categories_name)
VALUES (1, 'ELECTRONICS');
INSERT INTO product_categories(products_id, categories_name)
VALUES (2, 'ELECTRONICS');
INSERT INTO product_categories(products_id, categories_name)
VALUES (3, 'ELECTRONICS');
INSERT INTO product_categories(products_id, categories_name)
VALUES (4, 'ELECTRONICS');
INSERT INTO product_categories(products_id, categories_name)
VALUES (4, 'OFFERS');

/* Users (passwords are equal to emails)*/
/* User - user@gmail.com Password:user@gmail.com */
INSERT INTO user(address, email, enabled, first_name, last_name, locked, password, user_role, cart_id)
VALUES ('University College Dublin Belfield, Dublin 4, Ireland.', 'user@gmail.com', true, 'John', 'Doe',
        false, '$2y$12$BCQxQr5YQZXNXW0zDRLEteDd0.AebaCwFiN75DrzV0O3S5uwwBzAK', 'ROLE_USER', NULL);
/* Owner - admin@gmail.com Password:admin@gmail.com */
INSERT INTO user(address, email, enabled, first_name, last_name, locked, password, user_role, cart_id)
VALUES ('University College Dublin Belfield, Dublin 4, Ireland.', 'admin@gmail.com', true, 'Shop', 'Owner',
        false, '$2y$12$mLgWin7zUOASwe7ybRNAceoiv4ENXhyJXTb/MFtUT4fix0p2kEqAO', 'ROLE_ADMIN', NULL);
INSERT INTO product_categories(products_id, categories_name)
VALUES (9, 'FOOD');
INSERT INTO product_categories(products_id, categories_name)
VALUES (9, 'OFFERS');
INSERT INTO product_categories(products_id, categories_name)
VALUES (10, 'FOOD');
INSERT INTO product_categories(products_id, categories_name)
VALUES (11, 'FOOD');
INSERT INTO product_categories(products_id, categories_name)
VALUES (11, 'OFFERS');
INSERT INTO product_categories(products_id, categories_name)
VALUES (12, 'FOOD');
INSERT INTO product_categories(products_id, categories_name)
VALUES (13, 'OFFERS');
INSERT INTO product_categories(products_id, categories_name)
VALUES (13, 'FOOD');
INSERT INTO product_categories(products_id, categories_name)
VALUES (14, 'OFFERS');
INSERT INTO product_categories(products_id, categories_name)
VALUES (14, 'FOOD');
INSERT INTO product_categories(products_id, categories_name)
VALUES (15, 'OFFERS');
INSERT INTO product_categories(products_id, categories_name)
VALUES (15, 'FOOD');
